<?xml version="1.0" encoding="UTF-8"?>
<configuration  scan="true" scanPeriod="30 seconds">

    <!-- Rolling File Appender -->
    <appender name="ROLLING_FILE" class="ch.qos.logback.core.rolling.RollingFileAppender">
        <file>logs/eventbooking-app.log</file>

        <rollingPolicy class="ch.qos.logback.core.rolling.TimeBasedRollingPolicy">
            <fileNamePattern>logs/eventbooking.%d{yyyy-MM-dd}.log</fileNamePattern>
            <maxHistory>30</maxHistory>
        </rollingPolicy>

        <encoder>
            <pattern>%d{yyyy-MM-dd HH:mm:ss.SSS} %-5level [%thread] %logger{36} - %msg%n</pattern>
        </encoder>
    </appender>

    <!-- Console Appender (for dev) -->
    <appender name="CONSOLE" class="ch.qos.logback.core.ConsoleAppender">
        <encoder>
            <pattern>%cyan(%d{HH:mm:ss.SSS}) %highlight(%-5level) [%thread] %green(%logger{36}) - %msg%n</pattern>
        </encoder>
    </appender>

    <!-- Root Logger -->
    <root level="INFO">
        <appender-ref ref="ROLLING_FILE"/>
        <appender-ref ref="CONSOLE"/>
    </root>

    <!-- Enable DEBUG for service layer -->
    <logger name="com.eventbooking.service" level="DEBUG"/>
    <logger name="com.eventbooking.controller" level="DEBUG"/>

</configuration>
